USER_ID,IS_FRAUDSTER,model_score,ventile,action
76037a7d-f3de-4ee8-8001-f68498251a53,0,0.44126183,11,active
f9749e58-a38c-4dcf-a74f-0d9324f7caa2,0,0.4965531,6,alart
d764e5c1-6bc1-4037-b8d0-5475ad738d9b,0,0.42975536,12,active
9efd24cf-5be0-4d41-95bb-f6543aa5541b,0,0.4624011,9,active
3fef9934-9845-455e-88d5-abeb3f755a16,0,0.49145827,7,active
4ef7cae1-00c1-4a7f-8111-32d537733c8f,0,0.49145827,7,active
cebd1cb6-3e04-4d5d-930a-9d28ec658200,0,0.44649002,10,active
c6dc507d-cc62-46d3-a434-940a33b39207,0,0.42534742,13,active
0eafb3f6-dd21-4a53-b2a3-dc59b1441d56,0,0.42975536,12,active
b0197b0b-077c-404e-a724-a20f9110a790,0,0.31078902,20,active
44492934-ab02-4b7d-94cd-ad49f5dd77e6,0,0.48457804,8,active
104db6f6-63fc-42e3-8d0c-1bfd5375601d,0,0.42285678,14,active
fc5c44cb-9fe7-4f8f-a644-7a366be75835,1,0.49145827,8,active
80431c45-ffdb-4399-959b-7bc400d7ea54,0,0.42341956,14,active
f89b1890-e79e-4141-aa1f-ea83b79f546b,0,0.42820212,13,active
e7990eb5-f39c-477c-899c-a3136c56143e,1,0.49145827,7,active
31294c58-9acd-4a62-aa49-636be3bacbdd,0,0.46305984,9,active
ed773c34-2b83-4f70-a691-6a7aa1cb9f11,0,0.4965531,5,alart
89916978-9fb2-498c-bdaf-564ad07cb072,0,0.4965531,6,alart
6e277d20-5a7d-46c8-b29e-216e9df37eaa,0,0.4965531,3,alart
68a128ce-2ac9-4d51-b67f-fa116bf503e3,0,0.4965531,4,alart
951e3b33-77ee-40ac-b8cf-159fcf91349d,0,0.4066122,16,active
2fb40451-f807-43fd-8de0-64213d777914,0,0.42975536,12,active
ba6dc34d-40f8-42aa-a318-3370251941ae,0,0.44649002,11,active
d193939c-ecf8-4ca1-9bf1-d60f0eb51d93,0,0.35301924,18,active
55e08a35-c6f4-4293-97b2-316660c031be,0,0.41453585,15,active
632e4db8-a454-4726-9353-20b1890aa3b7,0,0.42539832,13,active
f3cf350b-8de9-4ffa-9e8b-8b47ef0a10de,0,0.41477516,15,active
8e3461b5-6482-450b-9284-61f3e4b8fbe3,0,0.4965531,6,alart
c226b9bd-dc15-4b33-bb96-8860fd6814ee,0,0.4965531,5,alart
fa185713-48a8-4344-b6e2-4aa11bd5f350,0,0.5252416,2,locked
9e59755b-4670-423a-851a-8857f1327378,0,0.4965531,4,alart
f0ea148a-353f-4e3f-8d95-802610a522ee,0,0.44649002,11,active
8cfbce69-64d3-4c02-879c-1809109ecd6b,0,0.5012634,3,locked
402320da-40a3-48e4-b10d-4ad56fad61e5,0,0.31654292,20,active
146dca23-5b81-449f-98b7-4809f52c3959,1,0.64574856,1,locked
9f76da47-4aa1-4f60-9d5c-ceb63f0e7a02,0,0.4965531,3,alart
210de0fd-ee4b-47d9-8f36-e004fedb7180,0,0.41464618,15,active
7f078810-e038-4fbf-a484-33eb8627bc58,0,0.4965531,6,alart
d99c7e27-c33c-4d0a-9f66-2a09f045bb6c,0,0.46782956,9,active
3b1c797e-493d-4d77-a7d2-409ad956a6d5,0,0.4965531,4,alart
7ddb1b7e-3c73-4d3f-9f76-a6d1a8015c15,0,0.4965531,4,alart
b61bcb13-9f71-4522-ac8d-8dd0f0c2d7db,0,0.41453585,15,active
dec13922-7a5b-42c0-aafa-1ed7efeb8b96,0,0.4965531,4,alart
fff200b0-5204-4f7d-86eb-3bb5654b4636,0,0.3995868,16,active
2e1d9181-f4c5-4bbd-8637-e3bb4fd8b44d,0,0.37320873,18,active
e9ad8b99-beb4-477f-8a77-6ae6f087cab6,0,0.4965531,4,alart
257e5b1d-bd79-4354-b0aa-e4894ac24aa5,1,0.46522295,9,active
501fddbe-0fca-4990-8c64-25ac8b7fad3d,0,0.300882,20,active
cbcf5219-8623-4a49-a095-f2797c843b39,0,0.36855,18,active
aaf32874-335a-4259-b077-f2dbc56ed331,0,0.4965531,5,alart
d3296fa2-d3eb-405c-b67d-394bff93789d,0,0.5064423,2,locked
cc0cd2dc-845c-46a3-aa33-07dc3ad30551,0,0.63830626,1,locked
e5f0f57e-ded8-42f5-b972-241c0e07aba2,0,0.49145827,7,active
3bef3290-4395-47dd-8371-c04ef7d138fc,1,0.6248477,1,locked
07d0ac6f-926a-4fa3-b3d2-b1c0b619c7c5,0,0.44649002,11,active
ed0f8471-053d-414f-a6f6-1330a925154b,0,0.442874,11,active
ece1b296-9a19-4d82-8b4a-6a55992188e3,0,0.47948903,8,active
12c7ed58-e183-4a2e-ae61-edf010d16b29,0,0.2920721,20,active
af641ed9-dc92-4ffc-b268-65bee1072096,0,0.4965531,3,alart
e2fc845c-088c-4606-9843-7dc6f9226b99,0,0.5185974,2,locked
5ff2507f-3b3f-483c-ae97-c20efe4b25e4,0,0.4923159,6,active
70549b57-7540-4033-9a42-e8f9d3d7e94b,0,0.4965531,4,alart
7d72f965-3fb4-4b1f-88a9-105c0267e6eb,0,0.35434848,18,active
74c0a721-f585-4b2f-bf12-e7023d342755,0,0.5087025,2,locked
27a18adf-5875-4254-b4e7-e6b0ccad2a00,0,0.63830626,1,locked
e2654e7a-9e2d-4ea9-9955-adf7f52271b1,0,0.4965531,6,alart
5a75b7ef-f850-49a3-a4c3-25b04dfd491a,0,0.41988918,14,active
0db18a25-ac4f-4913-8f62-b1c22bf67e94,0,0.5185974,2,locked
000e88bb-d302-4fdc-b757-2b1a2c33e7d6,0,0.4965531,4,alart
5923ab20-f38d-4dc1-94af-5dcfa9ce3868,0,0.49145827,7,active
5174fae6-555b-4fa1-98f1-1b96281da48d,0,0.34912655,18,active
9aafe174-1340-45a4-9b6a-ac5e31f8d03d,0,0.4965531,5,alart
4479ed96-1920-4715-8553-33b8abb05d89,0,0.4681313,9,active
77c01911-8fdc-439b-b860-1d62e925d9a7,0,0.4965531,4,alart
4ab61b4d-8317-4853-b40b-4d29bed045dd,0,0.35803226,18,active
0314aa87-cf7e-43f2-86c6-ae36dfa4d9b0,0,0.44649002,11,active
128ead0d-9d79-4d95-8585-e2471ada8d29,0,0.49145827,8,active
4995fd3a-e516-4b8c-9d83-1db7afd6bfcd,0,0.34448737,19,active
b29e75fb-6166-43d1-b1f2-3d6fd0d1ddce,0,0.4602522,9,active
6b9837ef-a887-459e-8e8f-9e81b0dce1ab,0,0.4023133,16,active
3281741d-f558-4e33-8847-55b9693199c8,0,0.49145827,7,active
9aad0ec6-6ba3-4352-acde-2de0764f4aed,0,0.4031359,16,active
4447b938-d82b-455f-b640-237843de0e59,0,0.31997266,19,active
e03c783b-31cd-4e24-8231-e4c6a6e5e5da,0,0.29444617,20,active
e331a039-0c85-4e4a-85a2-2234b0c452c7,0,0.40779343,15,active
6d2ad558-d0e3-4019-b470-2c6845bc8f68,0,0.3635403,18,active
50d604bd-bb8e-46ba-8606-15fdb3731f65,0,0.4965531,5,alart
6bfacdd0-a5cd-4504-8222-cdec1bf05e00,0,0.4965531,3,alart
0d520e5d-b219-4b62-958a-ae81339fe9c6,0,0.42659765,13,active
e2ca432d-4268-4f97-b6ee-e72d583a3d9a,0,0.29841414,20,active
a1c891ea-9a5f-4e8a-8073-da7a3db9b9d8,0,0.42539832,13,active
f9b23a79-2a03-42df-864a-02c725977a01,0,0.30160096,20,active
0c5fb67d-09f9-4fb8-96a8-80d428b433dd,0,0.4965531,3,alart
3d23de17-cfe5-4d27-a354-d02842774173,0,0.38006997,17,active
c36809b9-fd8b-453f-97cd-46e8fbf41b08,0,0.41653332,15,active
15954867-73ff-4f4d-8cf1-05b17648e280,0,0.42975536,13,active
29d78b05-d379-4f0d-a7ae-d763d1b89e22,0,0.46522295,9,active
122571dc-cf08-4f18-ad91-10e77047b8a2,0,0.4965531,3,alart
d886421c-021e-4a4b-8561-3895fe134fd1,0,0.42539832,13,active
45a7a261-d80b-416d-8d8d-70103805814f,0,0.5087025,2,locked
f73c3078-2c37-422d-b8b8-288384318bd8,0,0.4965531,6,alart
78961204-3c74-4a62-83ea-8ed3b7fc52dd,0,0.4111775,15,active
e82717c3-45af-40cf-adef-6dda5e81f339,0,0.49145827,8,active
986f8d35-4672-46cb-a0f5-2ce4dfad0827,0,0.38795444,17,active
e1fe17e8-1901-4518-8bdf-2dd541a81fbd,0,0.44649002,11,active
a25eff37-af53-43a1-95b3-1deb94b225cf,0,0.40969118,15,active
692165db-cc63-4204-b963-4142a55a4900,0,0.45104787,10,active
11266dab-9f83-4eba-ae59-bccb85a417b7,0,0.49145827,8,active
840a2f6a-b344-4e6b-84fe-ff27531f3125,1,0.5252416,2,locked
b50162c5-332a-4477-85ca-8aaaee2fb5b3,0,0.43209437,12,active
cda36ed3-e1cf-41e5-8529-ec0ea69df6d6,0,0.49145827,6,active
e1dce785-046b-400e-954d-8a9d094449e9,0,0.49145827,8,active
6be65cba-7938-4157-8b41-39168e2f0122,0,0.49145827,7,active
a7d946ee-a639-4d3b-b05d-11a21a54d73e,0,0.31078902,20,active
ff822972-1969-4f22-a711-72f603f901c6,0,0.42539832,13,active
67a9ecb1-1a53-49be-a956-28632d67c0e0,0,0.44649002,10,active
defd51f3-83dc-44e9-8cce-77407274b7fe,0,0.4965531,4,alart
f0ea12b6-ff64-4262-9b28-d6864c8d827d,0,0.60412455,1,locked
1f582a4f-437a-4b1d-ba60-21782fab44f8,0,0.4965531,4,alart
9d46b965-7722-4702-ac07-a2e00afa0978,0,0.46791682,9,active
e488db9b-a2e5-4c3b-a0a8-5ab5e5971cfd,0,0.40621784,16,active
519b6207-7112-4164-a263-61b1e035b214,0,0.49145827,7,active
a9cc632b-4178-41f5-a69c-648c1e2f1be9,0,0.41617715,15,active
35753adf-69ef-4186-b54d-3d94cda54a88,0,0.3157016,20,active
cf3eb0d6-a897-4f18-aafc-62b96a9868f5,0,0.42539832,13,active
4e28caa9-66d0-4dea-94eb-0239c61cfc4f,0,0.43307826,12,active
80b12631-26e9-462b-a2d7-1fa900276ae2,0,0.36780524,18,active
31f0cb93-5097-48df-b20b-0ace700e4d7c,0,0.5292112,2,locked
cb1ea2ae-8157-4df0-af71-c7107abdd66e,0,0.34602475,19,active
a7aad501-01d7-4026-afa2-322df8e33849,0,0.42539832,13,active
e9ca32ba-efaa-414c-ac8c-b89dce4f4bfa,0,0.4354614,12,active
df5f27c2-8631-46b6-97da-113a4363c2b1,0,0.49145827,8,active
9367a318-b744-4975-b3ae-f740978d81c6,0,0.4949172,6,active
0d420953-7686-4a9e-a19c-bf613a265d43,0,0.44649002,10,active
b0601beb-95d5-4a16-957d-bf7e5c41e840,0,0.5292112,2,locked
bd19dc4d-3fb9-4858-bd2b-97444ba9236f,0,0.3831032,17,active
4c79a49f-7b93-4f5f-a9bd-ce988f8fccd9,0,0.59364516,1,locked
14780f71-da54-4ebc-bafb-278b79928050,0,0.4965531,5,alart
251ed33b-32e1-4e40-9c8e-71245cd54061,0,0.49145827,7,active
5857dfae-a435-45bc-9ccf-2051828e5336,0,0.4965531,5,alart
6d0763cb-2bf1-460c-be2b-6f0991d90680,0,0.6038601,1,locked
d200d5bf-2c70-49b0-8cce-00c679391179,0,0.50629354,2,locked
0c6ec0f3-d062-4998-9ddd-5f7995164126,0,0.49145827,7,active
8f008920-b994-4ee7-82c6-139eb2518dcd,0,0.42510635,14,active
f1a18f9c-a276-4155-b830-c0256b2dc8a8,1,0.4965531,5,alart
2d1d462f-d2a6-4c32-bff0-f17e0dd5e118,0,0.41988918,14,active
ba4d5ad6-5e6f-4452-b965-8473d2bef90c,0,0.36329725,18,active
f7c734f1-2b56-4761-b38e-23c3a7b18c77,0,0.49145827,6,active
9fa08d28-fdf0-49d5-a92c-7fb78512a8ab,1,0.63830626,1,locked
058e9bd8-cbb6-4686-a7ac-af8c0fba995c,0,0.4965531,5,alart
2df4dab8-68c1-4b27-beec-5934c6f4ae35,0,0.42763466,13,active
ec2cb32d-e228-4a0a-a040-e47ce8f061f2,0,0.4299998,12,active
0f64355e-8ea2-4e52-b68c-2d9c2591b9b2,0,0.4965531,5,alart
13ae01ee-f693-4028-af6c-33c5c63764c1,0,0.35788658,18,active
37e64479-1d81-48f7-9f8e-c5197bc58bdd,0,0.51349413,2,locked
bac8dc72-f349-4c41-9b22-1184285048f1,0,0.49145827,8,active
3673b7af-f7c0-42d2-944b-902b3017a958,0,0.44649002,11,active
6e11418b-10b9-4d5f-8334-3e21b83828d5,0,0.4965531,4,alart
78ee0ed9-a092-419f-bebf-cba9600b01a6,0,0.42539832,13,active
5bb05d2a-7531-47c8-86d6-92fa4488e145,0,0.4276969,13,active
80e48334-5af2-4258-b57e-9ac61b1ab72e,0,0.4149326,15,active
b8cffc34-fb48-4c03-a168-0f8af311997f,0,0.42539832,13,active
c81d5f1a-33da-452a-a5bf-a92b3ca05b99,0,0.2689273,20,active
25b8c2d7-cbfc-457a-bb13-96aa885717f7,0,0.6324075,1,locked
b0c03a8e-5009-431b-8267-d40aa43dc4f9,0,0.422462,14,active
51cbe2f2-8108-44d6-8454-ef78ed140d5d,0,0.5036077,2,locked
06571d58-0a1c-4e10-a85f-e287fb531a42,0,0.41988918,14,active
2e26a9b1-6354-47b3-852f-7d72e0086f2a,0,0.4247676,14,active
a2fc8601-79b3-4f76-93c4-92434e04a2a9,0,0.4965531,6,alart
414f418c-09f2-41bd-9975-ef53d9beabe9,0,0.49145827,6,active
acde8f4a-07ef-492e-be65-bad6e09554bd,0,0.44649002,11,active
496b4677-bd92-42db-b263-90fd7a4c84d8,0,0.59405655,1,locked
7a807015-e8b3-49b7-b719-a88022d54dfb,0,0.49145827,6,active
15e91f95-a0b0-4afe-a39d-135fe56d4b87,0,0.44649002,10,active
d9eff011-90f9-49ac-9a57-8c03854abed2,0,0.40148848,16,active
9637a45b-5819-4eb3-8688-f174572be277,0,0.44649002,11,active
b9e641b8-553d-4f90-86f2-6faa9906772d,0,0.5438632,1,locked
79e23af0-71fd-4e5a-9f27-76fd330a4857,0,0.42539832,13,active
ea050179-b360-4e14-b451-cee4ffc0b449,0,0.4264413,13,active
8626fc78-0976-4a7f-8b06-51f0e3a9ae01,0,0.44649002,11,active
6f5e7965-e55c-4f4c-9da6-ddde4fe9ea76,0,0.36220518,18,active
0075508f-f8a5-4660-b738-fb4c4337e83f,0,0.5706056,1,locked
c8821589-8c8b-4675-babb-6032caac16af,0,0.42975536,12,active
21fafba2-892d-4715-b261-58048bdd5bac,0,0.43593407,12,active
dc907d1f-e9b6-4e1c-9035-6ee09bdc1c3d,0,0.3782404,17,active
37779bd5-40ac-4a74-a384-8220d68723f9,0,0.29686677,20,active
5b7d6602-9a73-4472-ac54-3789b908d4ac,0,0.36915523,18,active
390f373e-ceea-47db-8ece-90ba724ae918,0,0.45104787,10,active
9e8bc001-69d4-4ef6-809e-de6f769d46ea,0,0.41453585,15,active
dd222522-2786-4bde-b8c5-5ccc02d0a3d2,0,0.49145827,8,active
055e3e2c-7106-40a0-b116-04b1ba3b038b,0,0.5227356,2,locked
5e8539c7-b7a5-4ee1-a751-3974a25e04ee,0,0.42042387,14,active
e365d152-c368-462b-a8db-f3b35bc225b6,0,0.42975536,12,active
ad37c944-e023-45aa-9d79-66a88642eac6,0,0.63830626,1,locked
90b06bfd-4c45-472e-9ee3-1db64d2d16fa,0,0.2726795,20,active
0d58952b-fac9-4732-8593-0850c8531720,0,0.34496814,19,active
1ed42415-f2a6-4414-aafc-656a8c61bf66,0,0.40621784,16,active
bc01338e-ee9e-4696-9295-97b8bd34e1bf,0,0.4965531,4,alart
80d648ca-616d-4ecd-b042-4e95e16ff9ad,0,0.4965531,5,alart
566f52db-7dea-4f88-a443-a8281b7634ab,0,0.3053639,20,active
d3b4b2fc-554b-4465-ad23-25889df130c5,0,0.40969118,15,active
d0922938-59fd-4332-9975-5fd179afd3da,0,0.44649002,10,active
d44f330a-2f88-4eb7-9d73-6e1f27c1ac43,0,0.41988918,14,active
13dcc570-fd32-445a-b320-ac961b036d18,0,0.49145827,7,active
82494baf-208e-440c-acff-7c03beb7cdd9,0,0.29686677,20,active
3de5db19-287e-463b-8faf-8a3d82c0ebd5,0,0.36227113,18,active
e2b391a6-827e-48c6-a748-198c6f8fb847,0,0.48145622,8,active
659b5b91-0a8c-41e4-8a87-0f4703346a8a,0,0.42975536,13,active
6bd3cfae-5f60-4b9c-a356-bab502672f02,0,0.38343164,17,active
708e07d6-0f13-4e93-b90c-6625f8424a6a,0,0.42975536,12,active
aec1904b-2347-4826-88b2-f7a53ca7d802,0,0.39409134,16,active
2e7b4077-8c74-4d4d-a301-86555027b8e1,0,0.3993377,16,active
df7bcb89-895d-46f2-9395-25b6824ce1d9,0,0.49145827,7,active
c45d8b09-dc86-472d-842e-f18b84a59cb3,0,0.3971174,16,active
8d68d40e-cd39-4c64-b8b6-7d76c729c507,0,0.5012634,3,locked
fa567a5b-3d4e-4d27-9b65-16c76dfbbbbd,0,0.42539832,13,active
149d68f6-4736-4896-affa-191ebdffcae9,0,0.61714095,1,locked
b31ebe3c-c4ac-4849-a7b9-494c701f0842,0,0.5087025,2,locked
fb2014aa-16e8-4a07-abc1-8c26a0065b5a,0,0.49145827,8,active
75e30a09-e6ad-45fb-8406-8be73a4d52c1,0,0.49145827,6,active
b166db77-779c-4eeb-ad00-36c9b6e30112,0,0.4965531,3,alart
f89f5c14-cbdc-4890-bf30-d8f18245e33b,0,0.40138996,16,active
dcbfebb3-8df5-4942-a7c8-24e0311e0cf2,0,0.5185974,2,locked
9f9f67de-6ace-4cfb-acd6-9f53394a5505,0,0.4154942,15,active
ee9ffbe5-75c4-41be-9313-f3ed7936658f,0,0.46305984,9,active
f25d1aee-a528-4c06-aa7a-2495d32a0dc9,0,0.49145827,8,active
a4005d18-49f8-4ff1-9154-9234a9f4a819,0,0.5082972,2,locked
3da13e41-3519-4935-a496-ab91470d9d46,0,0.44965947,10,active
bc724956-b478-4b3d-a42e-399eeb396b28,0,0.436508,12,active
d9f500ee-e157-4e9d-8ff8-d6bc56adc5e9,0,0.39736602,16,active
778bafe6-e91a-4b95-ae9e-ffe8107b4c80,0,0.3069134,20,active
18f9474d-ee52-457e-9d80-27be6cc6ae7c,0,0.31654292,19,active
71710c0b-fef2-4344-bba5-e6d657f8aa00,0,0.44196448,11,active
6eb6e607-acad-4702-be52-ebbeb9f0f909,0,0.43368274,12,active
f37cd33e-d536-46a8-899b-cee5275ddf28,0,0.4965531,5,alart
3e61959e-f535-418d-b1e5-dea47b42510c,0,0.4965531,5,alart
d46712d6-6fa8-4de7-ab4a-6ee5ea44c7a0,0,0.28773648,20,active
ba7075bd-9ad8-48bb-a303-8f87901377eb,0,0.42278877,14,active
4228cd55-4639-4745-bd3d-a5edac7ebcf6,0,0.46522295,9,active
d6ac3526-350c-4cf9-922f-36cc47202e46,0,0.49145827,6,active
b52b2b80-2e97-4155-8f4e-f98f04528185,0,0.44649002,11,active
5dc950bf-677d-4e6e-8fcf-873cd245f77c,0,0.49145827,8,active
0a1e4bc2-27ea-426f-a744-d68bed807315,0,0.4965531,6,alart
995e42e3-5fc4-4793-b9d1-92f1dedf03a8,0,0.34602475,19,active
4f7fa136-97e2-4f84-83a4-cdeca5e1357b,0,0.38321146,17,active
c2d2f91f-86dc-4c77-a6a7-c6e582d38a6f,0,0.4965531,3,alart
685af64f-f905-4b67-84d4-80ace088a625,0,0.51858443,2,locked
defff5d9-e730-45b6-90a3-3e34c077cc7a,0,0.49145827,7,active
a25ebe5f-b653-43fd-b704-5709fb231b06,0,0.2726795,20,active
aba4f121-cede-4613-9dd6-205bd045bada,0,0.42975536,12,active
253a3269-38a5-41af-9687-2b3d7ee00ff8,0,0.28102562,20,active
c3fb8c11-5ba0-49d3-ab2c-f0b1d42a5e3f,0,0.55173475,1,locked
3e0d9925-66fb-44c7-904a-e0ca36727dd0,0,0.4965531,4,alart
3b152739-b5d4-4ec2-9e1e-ba3d187a91a0,0,0.42464563,14,active
f6182ba6-f28b-4757-b3e6-1ae87d84f146,0,0.44965947,10,active
5009f1a6-173c-467c-a765-81506ae58bf1,0,0.4965531,5,alart
686b0a44-ef3e-48eb-982e-8884dc6256e6,0,0.3675412,18,active
c4e898c9-5191-410c-8565-37643d29b306,0,0.4965531,3,alart
fc85a4b4-790d-44c8-974f-31c436bac8c2,0,0.3928051,17,active
439ca012-5f20-4db5-a9be-f2abcf7b7e00,0,0.49145827,8,active
06fcb816-f9f4-4641-a514-6f94a39cd9c3,0,0.3922479,17,active
b851ef67-b772-46a9-afda-b259c81c5891,0,0.4760451,8,active
ec4fd825-7167-450b-aa9f-0cbcf681978b,0,0.57317066,1,locked
5c8bcffe-20bc-46c6-b1c1-f5937333a897,0,0.2726795,20,active
0d706867-60e8-4df1-b6e6-2d2c945145c5,0,0.32207456,19,active
054875c9-2e53-494b-ab15-da6d1ea58ada,0,0.4965531,3,alart
f15ab046-a899-47be-8760-bc2c519c6e46,0,0.2726795,20,active
dc158799-bfe6-40af-a2f8-40167081300a,0,0.42539832,13,active
2c3f944e-6b86-45e8-ae34-b1c6c32dda2a,0,0.4965531,3,alart
82d33663-04ee-4eb3-9a6d-fec30e31994b,0,0.4965531,3,alart
3dfa5192-c39f-4b8a-863e-a0b412216897,0,0.44965947,10,active
399ea739-064e-4e67-a04a-909b8db59c16,0,0.31654292,19,active
abf9d91c-f156-44f6-900d-a28208044916,0,0.49145827,6,active
5d4b6f2c-18d5-47bc-9740-6008de169633,0,0.44183645,11,active
5c699767-eb8f-4a11-85b2-772e839854f7,0,0.46522295,9,active
7881f7e5-5e4b-4a36-a4cd-4ca7282363d3,0,0.4965531,5,alart
1b54fce2-f3db-4abe-a3e7-580710a6902a,0,0.3722931,18,active
076b67fe-8a06-4e9f-b8fd-6d2e4015f60a,0,0.49145827,7,active
54209eeb-d165-47c6-8c87-7e4b0e47d1b9,0,0.45664337,10,active
39d91c28-7336-48db-92b9-b0d99e58c87c,0,0.46305984,9,active
b77d5b47-244a-41b8-8abd-62019463bd32,0,0.31654292,19,active
816b3cf3-c1a5-45c0-a8d5-50da4226c356,0,0.4965531,4,alart
53a63d8f-7b70-4889-adb1-4860bb45159c,0,0.3363031,19,active
912fc7e5-1634-4595-92fd-afc133cee43e,0,0.4923159,6,active
b69a620b-d64c-4649-afcf-4a210f6145a3,0,0.3556479,18,active
e1a00ace-5032-4988-b46f-08db62050d53,0,0.41464618,15,active
85601aa9-9bc6-42a5-8e20-1d808f9ddc9c,0,0.41988918,14,active
084c721a-325d-4694-b65c-640fd98c6aab,0,0.31654292,19,active
72661cb7-2c48-4d1e-8561-dfb47bdfe025,0,0.48277345,8,active
2b49c008-4c6e-40c6-8c8c-cfbe3ca57f22,0,0.31654292,19,active
95cc2142-8760-410c-98c8-d485b061b526,0,0.36949682,18,active
22ac6d12-11bb-4e88-8ac2-369276eee78b,0,0.44145846,11,active
1f62d3a1-06b3-435a-8140-617f6bcb8ddf,0,0.45315617,10,active
5ec8b9fd-55c0-4db0-8cc2-2f26a3c42350,0,0.41988918,14,active
584d12ea-de27-4d93-ab1e-95cafb56b9d5,0,0.46522295,9,active
189b675b-b6cf-4375-b906-058d8dd0eb68,0,0.38343164,17,active
be7128c4-eb14-44ae-a4a9-fb63e3f678a3,0,0.49145827,7,active
4165e430-0a90-4218-b681-3ea612347004,0,0.46791682,9,active
a7d970aa-7d78-471c-a39c-f3d8c9ec8011,0,0.48424214,8,active
dfb7c49b-a60e-4d27-8958-24e2304bf5b1,0,0.46880305,9,active
f6223eae-178e-4e3f-bcea-4b671c48eac0,0,0.34602475,18,active
2ff23d2a-721c-4c85-ab6e-da74efb1a19c,0,0.43877327,11,active
37788ea5-8df4-44d9-baff-1952cfb7fc81,0,0.40140375,16,active
10cc5cf2-aba9-4400-a431-acd9865d49b8,0,0.49145827,8,active
4854814d-314c-40a7-a0d5-f3071b873162,0,0.49145827,7,active
f4f9507f-1da4-4d25-be8b-230c63847bc5,0,0.4965531,3,alart
51c36274-5ebc-4ac5-98a5-53db9c845476,0,0.4965531,4,alart
ea26369c-a099-4952-a92f-613623a23aab,0,0.4676262,9,active
b54a0c3a-f5a4-4a6d-a480-f7a28c4cb2ae,0,0.47320643,9,active
d18f2487-8d6e-4689-819b-27936373d1e2,0,0.40804982,15,active
62935a2c-8e72-43fd-9013-c18433aaeac3,0,0.4417599,11,active
0a6f564c-a9be-40b7-8506-aa0ed08d0928,0,0.36362123,18,active
178e4cc1-d019-420a-a4ab-2e08597b1d29,0,0.49769953,3,locked
a7e47d98-1806-4fa1-b4c3-79e8898dc613,0,0.44666365,10,active
75c46980-9e40-4e89-aeab-c840358348f4,0,0.49145827,7,active
aa642563-f90d-4066-aa0c-fbb96ce859f9,0,0.43299976,12,active
19d66fbe-46a0-4bbf-9865-0efd99949f98,0,0.49145827,7,active
a397eb7e-5ada-4359-8b55-6dfff6c196a5,0,0.45664337,10,active
c7999efe-0b11-4ef8-a2ff-de997b6b8508,0,0.3623877,18,active
f0b602ea-5343-4d94-be70-21a616e8f5b1,0,0.44649002,10,active
bcaeea84-3264-4575-9182-103d7d9abc68,0,0.37645224,17,active
8e78417c-2014-4bb8-b314-cc127d33c55d,0,0.41988918,14,active
75cd0c17-b417-471e-a744-ea25843b36f1,0,0.42975536,12,active
37428f6b-ec0a-45b4-9b5c-ea1f7bde4e85,0,0.2726795,20,active
287b87e5-ec9b-4993-9ddb-561f2b5fb711,0,0.45591986,10,active
a57ed30f-49b2-459b-b5f7-b18fba41deba,0,0.4965531,4,alart
3240b44b-a36f-4121-9597-2663152287f5,0,0.4360035,12,active
b5ad5331-5d90-47f5-8639-6dac6855d1be,0,0.41640413,15,active
01c94aec-28e8-42b9-b8cd-4e92766c2076,0,0.32553568,19,active
ec4e0eef-9147-484f-99c0-f5079b58c96c,0,0.4965531,3,alart
b9260b61-8c28-4dfa-8e53-b21276381343,1,0.31863844,19,active
88fc81ba-5e6f-4f85-b991-f559b5e23523,0,0.402257,16,active
9b21f471-7db3-49ab-8f6b-66472540e2b5,0,0.4247676,14,active
677ea3f4-115f-43dd-8f38-22c7b82ece78,0,0.41988918,15,active
88fe291b-b531-4abe-aeaa-b964b59172e3,0,0.372227,18,active
05b0dba9-7fe5-4e7d-8f99-1711ef859e8e,0,0.4965531,3,alart
289aea0f-326c-4529-8fc9-abfe2ed8dcf3,0,0.41464618,15,active
6ead3265-caf0-44d0-9c6a-a1fa67a1fd5b,1,0.4965531,3,alart
cca93140-a402-435e-9c2c-981072846510,0,0.38828704,17,active
8e28d42b-08ae-4408-8e20-07021e6693bc,0,0.40328872,16,active
c4d56ff9-b230-4da0-8865-d489adc8b189,0,0.43159074,12,active
1c185a33-d9f2-438d-870a-2b349c491af8,0,0.42975536,13,active
7f2dc5df-78fe-4db9-b60f-9679eb734451,0,0.44321847,11,active
6be77ad8-90a9-4bfa-b44e-b96c18d8ffad,0,0.36224842,18,active
902a126d-4edf-4a38-b7e2-1bbf29c22d83,0,0.6248477,1,locked
5d3fef44-4c2b-4a34-ab13-ee8ad2e0292b,0,0.2726795,20,active
717114e4-abee-4471-a870-ea674ffcc8b4,0,0.5185974,2,locked
55641b6a-d4ee-4f13-b024-bf592cceb4c7,0,0.42975536,12,active
e56c19b5-92d6-42e1-b758-7974989733bb,0,0.53365344,2,locked
23f8dcd1-3d69-44db-8c10-1ee965c8bfef,0,0.47404933,9,active
d5e09567-4cd7-40fb-846f-5f9c5f8341dc,0,0.5185974,2,locked
f5f40e5e-4fb1-48d4-8b07-cf38e40e16a7,0,0.4247676,14,active
a8a2df64-9857-453a-bdcd-15fe5857cf33,0,0.4965531,5,alart
db131836-873e-40af-ad4d-2bb07421ba89,0,0.4965531,5,alart
e1fd3017-7410-45ab-ad44-96fda245f4ee,0,0.4965531,4,alart
3760859a-4f31-4a09-b7a4-bb356303057a,0,0.4515306,10,active
fcfea5f3-d272-4ee6-8787-b5335ad04120,0,0.34602475,19,active
f6e18d54-ba73-4bbd-9a07-058b77839dfa,0,0.2899435,20,active
d521a4b6-7880-4d96-9abc-a39ca91cbd56,0,0.3971787,16,active
1e029889-9cc3-44f4-8822-d8bf31806acd,0,0.42539832,13,active
0e0f16a9-c589-444d-b06d-0e8c1d99fdab,0,0.4965531,4,alart
6eca0a0c-1f5a-4a06-ba69-b864cb8a759f,0,0.4965531,6,alart
b567fb6f-5caf-40ec-937a-44fd84444689,0,0.5087025,2,locked
d6f2e02b-b039-496d-8b22-05fccfd4971f,0,0.4702974,9,active
cc7516ed-6734-4978-a306-b8ab50cc60eb,1,0.5036077,3,locked
a50f71bf-1a2a-40b8-9447-e7b04f14368c,0,0.37841108,17,active
702790b4-0540-4ac2-8b9d-8c5c6f90ac37,0,0.4053458,16,active
2e2af1ea-f9e8-442a-81f6-dbfcbf26dd16,0,0.32553568,19,active
06bb97d2-328c-42e3-8f27-f994c2d7fca1,0,0.49145827,7,active
5b92266b-113e-48ce-990d-01a0278fdc4d,0,0.44145846,11,active
92848053-c1fa-48d2-964b-ba90f3b4bb1a,0,0.5185974,2,locked
8b85d6b9-ac96-4930-8ac8-6396d1d0b1a5,0,0.49145827,7,active
9ed1649f-06fd-452b-b6e9-25e3023dba09,0,0.4141544,15,active
3b579da9-27ae-4522-bec9-edafca6f588e,0,0.42975536,12,active
5a7bc572-23d4-4032-bf60-a35f99ee2665,1,0.63830626,1,locked
33e2dc15-8068-4301-8151-5f081e402ca5,0,0.6154057,1,locked
e66fe383-e129-4442-a1c4-809e7799fac3,0,0.38795444,17,active
4032167e-c809-4610-a310-036445285227,1,0.4247676,14,active
29a70b6b-43aa-436c-acd9-af0cf700a2b4,0,0.44649002,10,active
028d7411-f41c-4494-a2c2-d3b7c529a077,0,0.4965531,6,alart
633c8c97-afee-49d4-9286-15d87e5ea49b,0,0.40556613,16,active
abd4b26b-befa-4aa6-aedf-1a941d615928,0,0.41375166,15,active
40c29706-a7e6-4dcb-852e-ff5621cf589d,0,0.4965531,6,alart
d4ea613b-3e9c-4bb1-8775-da14946dfca0,0,0.3796851,17,active
3dbb0971-88ba-40e3-b5cc-999aae86718d,0,0.40488592,16,active
c649559f-8f5e-4a3e-901f-46aeeccde74d,0,0.4965531,3,alart
28da4ff3-ad04-47fd-83f0-28b95f65f852,0,0.42539832,13,active
16102a27-534e-48d7-b7d2-99e08e6c7597,0,0.36271343,18,active
2e336ca9-0ad6-4ef3-a887-6329d0d3103a,0,0.46970868,9,active
336277e1-9ec8-4b4c-901e-698e03b1732a,0,0.40532842,16,active
386afc4a-628c-498f-b701-bfb3d8c2d01b,0,0.4965531,5,alart
ef9df168-52a2-4f7f-9d7f-e1becfbe8fb8,0,0.42975536,12,active
0b1b8232-9eb7-4f9b-b982-f71955d56eaa,0,0.45095354,10,active
c00fd511-b4f1-497e-9df4-c508a177f87a,0,0.42464563,14,active
7acabc49-dfd4-4ccb-b310-4d96c3cdf01a,0,0.41988918,14,active
2300bca5-5df2-4f06-ae97-3bf730041475,0,0.4184514,15,active
3f0d0b13-2668-479b-9f1b-670fa55c43e0,0,0.41174266,15,active
44963b53-b2cd-4615-94ac-57f35c30d16c,0,0.38907903,17,active
18f0e79a-e62f-4892-88b9-993f0a9dfe22,0,0.4965531,4,alart
eb4902f0-8cc9-40a8-9c3b-b464d05e03bc,0,0.49256536,6,active
ed672b48-60da-41d0-9b2a-32e13daa09ac,0,0.49145827,7,active
3845f622-ea8e-4026-bca4-c75e19baaf6a,0,0.41988918,14,active
74fdc60d-ee12-47c1-85f0-1c7dd1dbbf16,0,0.49145827,7,active
57557419-9ff9-431b-bd9a-975dbb110057,0,0.35861963,18,active
db337f96-ae67-4b51-a50a-51df8ff4a817,1,0.5252416,2,locked
bf9b10b7-6935-4465-afb6-8fdaedf264d0,0,0.42975536,13,active
9e456659-baee-46f7-bb00-d035f134024e,0,0.43112594,12,active
d199213e-621e-4168-bdd2-b783ad5fbf8f,0,0.4965531,4,alart
8d2597a9-3fda-4c69-9cf5-3e08facf1e49,0,0.4965531,4,alart
af2d4789-8703-4107-aa6b-0a179165dffb,0,0.4965531,5,alart
93535738-fe45-4999-bbe0-6cb8ade461cb,0,0.4965531,3,alart
2c1a5ab6-d5d6-4e8a-8336-af8b99c07580,0,0.44649002,10,active
7c6fd1ce-1998-4aae-8f37-64cbec7faacf,0,0.46428266,9,active
297e6489-0242-4da2-8e19-49d78582a33d,0,0.49145827,7,active
070a0677-07da-4943-91f4-6718f12bc01b,0,0.5358396,2,locked
b9bbc470-a214-415d-b851-02da4b8fe37e,0,0.41453585,15,active
54662508-5a2e-4ae6-b3f4-0d6941d9e513,0,0.5758395,1,locked
62b011d6-8ae0-4360-be43-fc69e06f232b,0,0.5087025,2,locked
a79df485-1d2a-4377-8b10-590f3da6583c,0,0.42975536,13,active
d09fd7f0-1649-4e72-af01-738cd6328afc,0,0.4965531,3,alart
527483e9-6a25-43c3-bdd6-d582101c9414,0,0.4791155,8,active
84a89217-7ddc-4f58-9446-d1dcd14151e5,1,0.49804962,3,locked
87f72a62-89da-46e4-a877-25fb8ef9aedc,0,0.3625287,18,active
e839e633-4a59-4bf6-8e93-4b389b7d7df4,0,0.49145827,8,active
ba2f2ff9-5af2-4bef-996c-9135348c963c,0,0.4965531,5,alart
bdf45de9-bac0-4fec-a195-0584db5eec7d,0,0.4965531,4,alart
b038f9b2-5b02-480a-a65a-f1a68d618301,0,0.42975536,12,active
5d1d2362-c89e-4296-8d43-0a00878150ba,0,0.49145827,7,active
bbc78664-3a96-434f-a220-a6711e312aa9,0,0.63830626,1,locked
97dc8737-94fd-45af-a4b0-a59dab682216,0,0.41988918,14,active
cedde662-484f-4d54-9b2a-359729bbb430,0,0.41988918,14,active
c5c9fa8d-5915-4447-a5c3-b5ddede8242c,0,0.32417578,19,active
d4bdca66-d8fa-4cbf-a6dd-b0a32ac54803,0,0.31997266,19,active
2bcb4417-dffc-495d-b776-5f6e70dd2336,0,0.3755012,17,active
7a5152cc-6e44-4b33-a6ec-19b1b2cb468d,0,0.44218186,11,active
54141464-3fbb-4f62-8ca8-2155816e2c65,0,0.42975536,13,active
5402aeeb-0bc9-4c58-915a-67d414cb0602,0,0.44181022,11,active
0506c5b1-21ab-4789-bad9-cd52de140c7c,0,0.47320643,9,active
7001bc20-0522-438f-8841-0ab0e76b684c,0,0.63830626,1,locked
591232b3-5eb7-45a3-a577-cf269e8493d1,0,0.4965531,3,alart
daf5b3ba-36f3-4e05-b2fb-23c46e3e52e4,0,0.4562859,10,active
d2155f00-e8c9-4fcb-9b81-b8e651b6cd96,0,0.42539832,13,active
f2990779-ab25-402d-bd81-b11642516575,0,0.41988918,14,active
672a2944-c97b-421d-8045-97bf99510cc4,0,0.44649002,11,active
8d32a708-8461-453b-92a9-9465f2c5fccf,0,0.49145827,8,active
d06fa401-1e54-4ba4-8594-9d7118f3d0b9,0,0.38853046,17,active
6d4ce278-2824-4f28-9a62-ce8ad50e7797,0,0.45225024,10,active
ca1c46df-3194-4aa2-a601-5e5f781f7df6,0,0.48277345,8,active
db149d04-5266-425e-b2f5-45127dba5abb,0,0.38305548,17,active
3bb76c53-30f7-4c62-b816-80222af349c4,0,0.42975536,12,active
622d60f1-64f2-437f-9d62-9a81e63a44ba,0,0.39512566,16,active
ca647ec0-ff13-452a-9b7b-e54b46a5babd,0,0.4965531,5,alart
75a15630-e998-4512-b2a8-27c3bd78cf9f,0,0.49145827,8,active
2d3b33bb-2810-4444-9953-19efa0d60ed6,0,0.30160096,20,active
9283cf4a-a7db-4015-b4ff-2d354887d697,0,0.4965531,5,alart
0393841d-7973-4469-91fd-db826f52c9af,0,0.4149326,15,active
3a29f9fc-ad79-4430-9cbe-5db0dd040d5a,0,0.5930257,1,locked
1f527be4-277d-4ab3-b77e-07cf2a7989ae,0,0.41988918,14,active
c87484da-e479-4d3a-880c-9ae8112c6ca5,0,0.2726795,20,active
c0ab86a8-55a4-4e21-8f16-c121e514126b,0,0.4077151,15,active
4c494a7a-3894-441c-949f-5c5255cfac82,0,0.4965531,5,alart
75568125-7e19-4a6a-a46d-eae7984820ce,0,0.40532842,16,active
5e6d0e88-c8a2-45fc-a179-bf7650b45db5,0,0.4247676,14,active
feb5f3b8-2381-4971-a4b6-5779079df861,0,0.58151877,1,locked
15aae555-e3ec-4435-888b-e56f3fc96e6e,0,0.4247676,14,active
276bebe5-f86f-4c4e-8fc4-6f7e832dfb83,0,0.41213918,15,active
f761cf05-04ff-4a48-97a0-f16f148e4004,1,0.5185974,2,locked
d99f1071-3141-41e4-abcf-de7481a8d313,0,0.4965531,3,alart
c2242523-6f0b-4beb-ae25-9efb2f384e13,0,0.42539832,13,active
c73310b5-11f0-43e8-b2ac-ecdc99fc363e,0,0.40746894,16,active
e8132795-9c45-4383-b1cf-78d77499873a,0,0.4965531,6,alart
de76d1b1-5ed4-4e2b-9e49-0ebf87ced8ec,0,0.4965531,5,alart
2074e30a-a065-4e13-9ef7-3dd8b2c25562,0,0.35803226,18,active
f8a2fc5b-e97d-42c0-a2f6-8e8e5a9c95b5,0,0.38744426,17,active
37710d08-a267-42ea-9d34-badf478fcce4,0,0.5048195,2,locked
ae4ac6e4-0d71-4108-98ec-0883da6a120a,0,0.44649002,11,active
99f93a4b-513a-470f-a075-6f43a6bc375b,0,0.4965531,5,alart
1c72f065-cca1-414a-947e-8061219aafdf,0,0.4965531,4,alart
32958a5c-2532-42f7-94f9-127f2a812a55,0,0.4965531,5,alart
5ff75937-6ad8-4948-9d60-5afbab5ecb1c,0,0.63830626,1,locked
4eb947c9-4f45-492f-ba92-4769329ecf66,0,0.47499365,9,active
bb859ae1-6bc7-425f-adeb-fb8c6744daff,0,0.44649002,11,active
ad98023f-02f0-4abd-82e8-35e0a117d1f6,0,0.34602475,18,active
03e45e8d-6055-4e3c-8272-be82bf180d30,0,0.31654292,19,active
705727a6-2cd1-4e22-8a65-1ebb73c2e8dd,0,0.31654292,19,active
23db6872-1aee-4c1f-99b5-cdf2e4a29e4b,0,0.42539832,13,active
c2b425ab-701a-47b6-9b96-10517273fa68,0,0.41988918,14,active
4d69cabe-bd50-4c08-a0d3-6d509d62a700,0,0.39315617,17,active
69f378bf-a4e5-4bb1-a1c9-ccc4a56371e1,0,0.46812838,9,active
1c801233-2063-42dd-9937-caad22e13046,0,0.59364516,1,locked
1b4c948e-68bb-4a64-a28c-cef031f91aff,0,0.32191852,19,active
bf2a45d7-2638-445c-93ea-f2002c6d4825,0,0.3342383,19,active
1f1dfe79-4d6f-48a7-8920-ae122816dada,0,0.32553568,19,active
be59f950-9101-4958-9323-1a8c15341a44,0,0.41239917,15,active
d7bd2fa6-32b7-41f0-8f4a-dc48088cd6df,0,0.40461478,16,active
6223c933-ccc7-4981-b94d-014aedd01ba3,0,0.49145827,7,active
c96e04e9-b2d3-4505-85c7-cedb8357ae43,0,0.4009404,16,active
e9c428cc-109d-4dcd-bb06-cd21f65b037a,0,0.42539832,13,active
a0cfb408-b6d9-4da8-847e-e3fa04dbc9b4,0,0.42539832,13,active
31b4f941-7d2b-4d56-abe4-d884fe278318,0,0.4965531,3,alart
689f0b71-2ed2-48c9-bbe0-a417cb733b09,0,0.57168365,1,locked
59ed8ebe-8c6f-4b2b-a25b-819053fe1d8a,1,0.51858443,2,locked
3c4e712e-06bc-485b-90e1-98ef632bb118,0,0.39380726,16,active
d968082f-7762-45cb-ba5c-83e2fef99eba,0,0.36664638,18,active
cefaa732-ac64-4f36-ba89-2ac7049ec12a,0,0.49145827,6,active
db99d304-92ca-42bb-9051-ae49af4ed014,0,0.3867951,17,active
17175680-ddcf-4840-b306-e33834a961ef,0,0.2726795,20,active
81480115-e423-4122-b74f-0b051b929720,0,0.2726795,20,active
53b72e77-5592-44ac-926d-04526bc28f5a,0,0.30160096,20,active
f42e53a4-927f-4b91-859c-81b6ffbbb8f6,0,0.4149326,15,active
54afb4b1-02c7-44c8-9f63-2dc83b55f79a,0,0.49145827,8,active
4f01cd71-a8dc-4cb8-9526-e7f81818c87a,1,0.44649002,11,active
5f8c79ee-39e0-49dc-8636-41b4a81de287,0,0.37247467,18,active
c2c7a336-6764-46b4-85e6-ebf38f3bf874,0,0.4965531,5,alart
32d094c5-cd18-4669-a028-268fea44708a,0,0.4092178,15,active
02e660a6-6e15-4fba-9093-d3393bfa16af,0,0.5087025,2,locked
d966bbc8-4f4a-477b-b00e-034aec8004f1,0,0.43613172,12,active
4eb42787-dd2f-481a-8c1c-b9f86d683b6b,0,0.4965531,4,alart
ca241ddf-af91-4be1-9838-7eff1993052d,0,0.45866317,10,active
0992cbd2-99f1-4297-b711-2f7a722d4f10,0,0.41988918,14,active
9f1b45db-075e-45b9-853d-956c5e6432fd,0,0.40807483,15,active
ca945228-0fac-4ccf-8567-ba3a24e6aa00,0,0.5438632,1,locked
e1b08e2f-f33a-4015-a262-f1ed59bd3020,0,0.31654292,19,active
b11c811e-a28f-4523-b64e-a2aa0606f789,0,0.31997266,19,active
0dda4893-d521-4b9e-8115-2f3bb4cb6036,0,0.31654292,19,active
fbe2ca7f-9fb4-48eb-a337-297304ceff70,0,0.4849355,8,active
3d0a252c-87bb-4288-954e-e669d90fd7b5,0,0.36707506,18,active
54b1032f-5fc3-45b8-91be-f81696f512a9,0,0.33775294,19,active
bda69d0f-52e7-48f8-8df2-d3938666c0d2,0,0.5422393,1,locked
ca3ef386-af09-4e5e-8e20-ae1abf208405,0,0.31073228,20,active
c3a8b1d9-4ec7-4605-9a6b-e6b857b7088c,0,0.49145827,6,active
9c95fedc-03d4-4cd2-9c3d-7334b08ea360,0,0.42539832,13,active
2f10f409-773b-45ca-b361-74d33901f374,0,0.4965531,3,alart
21406ba4-eafc-4ea2-b205-563e5f74dd6f,0,0.44649002,11,active
8a2690ab-a0e0-46e0-a7b1-a2aa66b64139,0,0.4965531,3,alart
8045b266-c345-4e92-9fca-70b3676a657e,0,0.4965531,6,alart
2e8619bb-1408-4242-819e-ac97a041ee8d,0,0.4965531,5,alart
aced257b-a3e0-4c8e-a967-eb9219f6071f,0,0.38834265,17,active
fb2830ea-8274-4138-9a7c-ce5bf0c68088,0,0.42539832,13,active
e99d9dc6-b9c1-4ac7-b9a5-44feaf900afd,0,0.43801054,11,active
f39bdec0-3547-4625-893a-30aa6d9937c7,0,0.4965531,5,alart
b16e9d41-3795-4d73-a666-be70001a7a03,1,0.33015224,19,active
c2881ce6-7574-41ba-9e59-6dc66d2031fe,0,0.3970307,16,active
ed485803-f184-4715-93b1-a4d67329172b,0,0.42975536,13,active
70abc1c5-ebdd-4a9a-bd06-dbdcb8a19363,0,0.44649002,11,active
2cd7dcf2-048e-4c1a-bdcf-73c21ed06006,0,0.44828627,10,active
9f5ac6dc-a89e-417e-9262-33f6b984d081,0,0.4965531,4,alart
7c287c81-83c7-4eb3-87c4-1496345def60,0,0.34602475,18,active
74ca91ad-5619-45ff-886b-0b2d31bc7abe,0,0.44649002,11,active
c88ecadc-78c7-4c38-a638-367322ebb2e2,0,0.43112594,12,active
7281e570-15d3-4015-94f5-9c6884a111b0,0,0.46522295,9,active
1f828331-d8c8-4d55-87ca-19d4c5d41f49,0,0.36271343,18,active
eb79d197-c017-464f-bf16-4fbc562ca72f,0,0.40595058,16,active
849d87d7-1e27-4cee-ab8a-0a8c0f2ec75d,0,0.5252416,2,locked
4d30ff78-067e-4bce-98aa-6f3aabd9c16d,0,0.4687405,9,active
e55eea4a-2b2d-42e7-a028-c505abc6940b,0,0.43810305,11,active
243ea985-3178-449a-857a-837e33f87850,0,0.33827996,19,active
af7b2dc5-8b4a-43d6-9a4d-a63feefeba01,0,0.44649002,11,active
1252d80a-9cd5-4c9d-a99d-e2a81349dc86,0,0.46970868,9,active
64266dc3-2056-45fc-9708-2fa6650df843,0,0.32614347,19,active
ef628625-caa8-4a9d-ac5c-8163935a711f,0,0.35845202,18,active
20aa0b05-af70-4e0f-978a-69e60e640fe3,0,0.49145827,7,active
47fc0e4e-f1cb-4aeb-988f-649efebead02,0,0.5122454,2,locked
e3aae6f1-39e8-4769-bd94-3749fc21cb61,0,0.402257,16,active
fb337f4f-0ce5-4327-96a6-20dad17b6c16,0,0.2726795,20,active
3222cfd7-970e-45ab-962a-9ab87cc4b5ce,0,0.42975536,12,active
a982e4f0-aae0-4a29-8492-99b4e75f573b,0,0.49145827,7,active
6ecd1999-b8af-48f6-ad8f-7a88aba271a0,0,0.39318085,17,active
7f0d877b-1e43-4cd5-8420-8b994b3b4cf4,0,0.41754442,15,active
f8189e9f-d85f-4e9b-83ba-49c8e01fa345,0,0.34602475,18,active
0ceb2c14-072d-4009-88c4-fd2c8784ca83,0,0.42975536,13,active
deb756e2-686a-4bb9-b7e6-0bdfcda82187,1,0.5162429,2,locked
2aad2a00-9b06-437d-a536-045e15cf85a5,0,0.44649002,11,active
1a3ddff4-527c-4001-a534-d3f316a1e6ba,0,0.4965531,6,alart
0c01702f-72bc-4041-89dd-dc4691946c7a,0,0.3400317,19,active
7ecd747a-426d-4a99-bdf3-f6f0c3fe748b,0,0.4965531,3,alart
73112f38-c45d-4e72-bab4-eb38f65c26ad,0,0.49145827,8,active
e268dd1b-b140-45be-94d5-07165f961bab,0,0.39830115,16,active
b9387f17-2ef6-4a90-8815-f156b8a7e0a0,0,0.4965531,3,alart
c2686c7f-9f17-433b-ace4-0c6fca836104,0,0.2726795,20,active
cecb0a5b-5af2-42e1-a547-218316fe141a,0,0.43801054,11,active
7273e79f-9701-40b6-9848-2e2a2f1da2c2,0,0.4965531,4,alart
42db74d6-d581-423e-8f63-eec850b9529e,0,0.39020258,17,active
d1900d97-960e-43ee-bd08-4c7727fc4c67,0,0.38795444,17,active
8331a653-4703-4313-a07c-d6aec47cf55a,0,0.37825027,17,active
471487fc-5d92-44c9-83a3-eab65eea580f,0,0.37348616,17,active
1165f57b-96b9-45a2-b860-4de37cdcb415,0,0.41701758,15,active
4f1cbe65-2f4f-48f5-853d-e2cc3bf38876,0,0.4965531,6,alart
a2e02c2b-3cd9-4d83-b116-aed284f72da4,0,0.4965531,4,alart
b8c1bdb3-1709-45df-8336-af7d31376925,0,0.4512439,10,active
9f85e8b0-35ff-42f2-96c7-7ad53c1b36fa,0,0.49145827,7,active
81ff9d16-ad65-4170-8004-0c138a338abd,0,0.39258745,17,active
19fb60f8-aa34-42e0-8b84-31930d323409,0,0.4965531,4,alart
5f74ce5b-a13d-4b6d-93a0-28a678077004,0,0.4965531,4,alart
d515c1f7-0f99-4b12-9b7c-b5cddf3c8ece,0,0.4965531,3,alart
5d0f39c9-b669-4315-8915-d83012acfb8e,0,0.63830626,1,locked
e6ee957e-13c4-437d-87fc-136b71690ede,0,0.4491566,10,active
515bf950-c56f-45ea-99d1-246a59304a42,0,0.42911097,13,active
1f3b0090-4e47-43d2-a0ef-e52c864899e3,0,0.49145827,6,active
71d47e3f-4348-40b4-8c80-b30573626fa9,0,0.49602264,6,active
84ae74c1-2fd0-42b6-a7dc-65cbc56a2166,0,0.42278877,14,active
6de2eeb6-8b7f-48f8-89b9-34d6aab172bf,0,0.49145827,7,active
9e7aa1b6-8d04-4923-914e-cbab74a5bbdb,1,0.62771326,1,locked
d5fba1c9-6758-4a75-96c2-70d5ae928d90,0,0.39249834,17,active
1966ad14-adbf-4454-b760-19623744f92c,0,0.5417929,1,locked
cd3af0cc-705e-4a0d-b4ef-eed1128077ea,0,0.36953238,18,active
36a06f8b-4aca-452f-9b23-fbb2e65cc1b7,0,0.49145827,8,active
d9203ee5-678a-4734-94a9-4d3761d73b09,0,0.405438,16,active
ad01d1e5-e2f2-41f7-9b09-38d1325aa006,0,0.59207714,1,locked
f8caa9cf-5cbe-481d-b84f-a05ee4a321ea,0,0.41453585,15,active
ba856462-6bf8-4771-9c70-0f7f5f2f44be,0,0.4965531,4,alart
5b89d76f-4def-48dd-b964-ed0d9a4a7ffe,0,0.4965531,6,alart
db9e156d-7bb2-49c7-91f5-31549e55b2f0,0,0.436508,12,active
b2f35bd3-397f-47bd-ac63-ce32765f6175,0,0.4965531,4,alart
cd8512fa-9b55-4fc5-8dd0-cbfc3153f726,0,0.41988918,14,active
471eb7f9-faf4-4cc6-9be7-b79be572abde,0,0.43947554,11,active
fb480aba-ed9f-429d-94e0-cfe0e7b91419,0,0.4681313,9,active
acbb5850-8df2-4614-a277-83e020a9edc9,0,0.51167655,2,locked
0c3b64d4-9b63-4f88-9b8e-eba2bd16ff93,0,0.38304558,17,active
1fe51a5e-4da4-40e5-9cd2-d8e875990093,0,0.39136827,17,active
3294a133-d707-47d0-ab2f-f23fda3dff8f,0,0.4965531,3,alart
db762d0a-a752-427c-8c69-bf9d0738e71a,0,0.5087025,2,locked
94257c7d-7eb7-4b69-9e11-71131a59ca50,0,0.4965531,5,alart
32948c07-4593-4a45-a054-1f52c7ef5d10,0,0.47771117,8,active
08c2b383-1d2f-475a-81fd-82863cac9155,0,0.50539345,2,locked
0feebf7d-1227-448d-a569-5846100d5129,0,0.4965531,4,alart
94000245-50b9-4ac7-9bbc-38c4286eb4b0,0,0.4702974,9,active
ab019ed9-ac2d-472f-90bc-04fab1bd2ff6,0,0.45938405,10,active
f52baceb-7f6d-4b94-9cba-5d5c18fe7ce4,0,0.42975536,12,active
55b70f8f-d571-4f55-89ec-3740e5e2c8b8,0,0.45265716,10,active
1147fb73-9e27-477e-a1aa-286999076412,0,0.49145827,6,active
3eabf957-f243-449f-9c07-7ab5383cf2f3,0,0.47320643,9,active
811fb55f-c93a-4995-b277-a3577a12556b,0,0.44684258,10,active
7d9b54d3-deae-4e02-96d0-bad239d819af,0,0.28074276,20,active
7a0932e1-e887-41c4-b068-3f2ca899f795,1,0.49145827,6,active
a4c70bea-b00c-4339-9217-6136d013bf34,0,0.47320643,9,active
43b0408e-f852-4730-951c-bcb7e3712e8e,0,0.49145827,7,active
d4fc06b4-577f-4ce1-a0b7-db992dc1c766,0,0.63830626,1,locked
17a2e252-fec3-4ad4-954b-63bb28171e7b,0,0.4965531,5,alart
f0646f1f-7f11-4962-9c92-dfd582839620,0,0.48457804,8,active
0ee6f02b-bc63-4abd-8299-210d02ecfe3c,0,0.41988918,14,active
f5116d2e-e87e-47ff-9475-9a19326bca80,0,0.42975536,12,active
42b4d528-392a-499c-a67d-662a660b6851,0,0.29686677,20,active
6237f02e-2cab-455b-8a8c-dfe12ac1e652,0,0.4377627,12,active
65d6cc7d-3f1c-4dd7-827c-b2ac2833b950,0,0.4358734,12,active
a1427906-6953-4881-928d-a450bd1786d1,0,0.49145827,7,active
ffd5d3f9-2f87-4f38-8e6d-f008ac79bb33,0,0.45159072,10,active
60b99cff-7bf8-44e8-9ebf-9fd59d9cbca2,0,0.4965531,4,alart
dc97264e-aac3-465a-862f-9971247759ad,0,0.47320643,9,active
133dc0db-2d52-4a2d-b656-4861c0402460,0,0.4965531,3,alart
c65e32d3-0f3e-4bb7-a59d-43d837f1861c,0,0.4065172,16,active
db988232-3984-46a3-93a8-0d1db5d8382b,0,0.38024783,17,active
74918329-2bbd-4d1a-b602-1a692da84042,0,0.4965531,4,alart
5007cf33-0d86-4d35-8e9b-c91e94147d09,1,0.42975536,12,active
fd038013-8fe1-4dcd-9a6c-b8c4028987f8,1,0.44649002,11,active
20e55564-3811-48c5-bba7-b4032b448ae0,0,0.39397487,16,active
d6f83585-c803-4973-bf32-a77a84e887f5,0,0.49145827,8,active
94ff7cad-2237-4148-a164-ab3632cc9bf6,0,0.41988918,14,active
84be8397-98be-45ec-82da-8a2a779aca8a,0,0.4965531,3,alart
a2946601-c570-4952-a5af-1028debc22de,0,0.41239917,15,active
e6ae93dc-f6d7-4194-8579-d13915997165,0,0.38466245,17,active
0ce251c6-5e00-41a7-8ddd-badb56438df5,0,0.47321445,9,active
1a232c32-c8ac-4668-bb9e-2fcec8ade70c,0,0.4965531,3,alart
7bc915fd-e5bd-4278-a743-1291bc6fc3fd,0,0.37698355,17,active
8c25ea77-4832-476e-a531-287612005948,0,0.4965531,5,alart
38278186-c9bc-46ef-9999-c6ab0fdb223b,0,0.43918806,11,active
ecbc58c1-5662-4b9c-9f8b-52b19dac5402,1,0.6162165,1,locked
e91f2e47-4f73-476f-8e0d-22b459e7f439,0,0.49145827,7,active
bd572c82-f011-4992-9c15-485fecc72227,0,0.49145827,7,active
9fc94bd1-6f14-48f9-a298-28b84a2d8e8c,0,0.4965531,4,alart
ffaf27eb-4148-4fb6-b15e-ee2c745e6a02,0,0.5252416,2,locked
e59f27bf-f63f-4059-a929-808650fe7cdf,0,0.47768593,8,active
0368bb8b-99dd-44ad-9e7a-fffec9ae3edd,0,0.37026393,18,active
1955f93d-f0f1-4f42-8430-d63e8e7fefa4,0,0.31997266,19,active
141cd463-e7db-4106-8bda-5e77fb538ba5,0,0.4965531,5,alart
4c48db65-512d-4a35-8f8b-e4c52110cdfa,0,0.30617583,20,active
25b6f79d-6f91-4de3-9814-8d6ff7282348,1,0.4965531,5,alart
bad71f4e-2add-4718-93b9-e0a49c86e0a5,0,0.26841158,20,active
07723790-d927-4eba-8562-31da91f09e99,0,0.36400932,18,active
cd4c9a6e-9bbf-4172-a831-e3d23c4c91ab,0,0.32393765,19,active
6407cd5f-8ee3-4ad7-ab02-ce329249d883,0,0.39318085,17,active
9e24a959-8a6c-4798-98b9-732977e9f473,1,0.49145827,7,active
17a57630-062d-4ee6-815b-6a6675acd66a,0,0.5087025,2,locked
5269045f-463e-49ed-a703-45a62cfbc112,0,0.4791155,8,active
88b6bfca-2bc7-4d9b-bef3-6caeed52cf28,0,0.49145827,6,active
8f29efd8-c73d-469e-8f59-d808d8eccdaf,0,0.4965531,3,alart
a543427f-bf1e-4895-b63b-4e11e55f7d9d,0,0.6106916,1,locked
9fad3de8-6f46-4f7a-b843-25a4b189e73d,0,0.383293,17,active
320778db-1a6f-40e8-81f2-9277bcf74648,0,0.402257,16,active
287727bc-9d6d-4439-9d5e-b629a26e461b,0,0.46522295,9,active
5591e6b0-e52d-42b9-8a35-bde3c906de6f,0,0.5252416,2,locked
797faa3d-b549-4da4-a54a-f27e681ad43d,0,0.42975536,12,active
59788959-45a6-4738-86ae-c8c3b1247745,0,0.43836167,11,active
38ef09bb-3702-4165-87e5-641e20aaffa5,0,0.4096046,15,active
79e4a6f4-9934-413d-84cd-99283dcb5247,0,0.4965531,4,alart
6c0d9153-39d3-4d45-84ad-68294cd18709,0,0.4247676,14,active
34c5d8f1-6720-4ec5-9c06-2e5ef0ca43d7,0,0.49145827,7,active
ab00cdd5-b99e-440d-9f8a-e6a12361a036,0,0.4965531,5,alart
77cc8d8e-8e8d-475d-a6dd-035093b29648,0,0.44649002,10,active
ecdea87d-41a3-488b-a1dc-b4fe657f101a,0,0.42539832,13,active
0d8897c7-1129-43dc-a61a-dc4b230efc20,0,0.46791682,9,active
075a1f69-21ba-44b4-8ffe-e8a0e9735e2f,0,0.46522295,9,active
6eb396ae-db56-4f12-9477-e35b839e821b,0,0.2726795,20,active
5a957733-304c-4fb9-bc4e-6cfb82e25fbb,0,0.40917706,15,active
e4af4175-0a87-4df2-9379-b98b904e481c,0,0.4734339,9,active
7c7cc41e-d454-42d2-9473-5c5904c19c50,0,0.4965531,3,alart
c0672fbe-3a48-4012-87bb-57424a8ed888,0,0.44649002,11,active
f02f4858-73bc-4c40-8049-9e8307df55d8,0,0.47499365,9,active
e73d22ee-c0bd-4ec4-81dc-334deb697f7c,0,0.4965531,3,alart
7b04c417-d551-4168-9861-0344bcf24c8d,0,0.49145827,7,active
037526da-e63e-4504-a923-04d095510d47,0,0.36377034,18,active
68668ecd-4f8a-4504-9610-e9cd5c9a5b62,0,0.31654292,20,active
e46e513e-92d2-46ab-a8f1-6acac20fccc9,0,0.42539832,13,active
0169a613-81c2-44d9-a90e-39e3cab34380,0,0.3422936,19,active
7846f3de-fba6-44db-95fd-30740b3ba192,0,0.42045265,14,active
6ef4868d-81b4-4dd2-9d0e-5ee00a87478a,0,0.46812838,9,active
f5ff3416-f24d-4c19-93fa-71844c4d8c12,0,0.416064,15,active
ef02a2a9-edf9-4011-b66e-7d8078c87b89,0,0.42597163,13,active
e0f26539-a6d5-4e52-978a-913e75c6d580,0,0.2804956,20,active
f556bacd-b79f-4fdb-9d0c-e7887480c89a,0,0.49145827,8,active
80f1df4c-74b4-472f-89c9-e7613a52b3fe,0,0.4965531,5,alart
d9895b72-2a53-4cd6-93f8-a35afb6b5e9f,0,0.49145827,6,active
a7f02e0b-6d31-4065-a630-3b1d99c7e83c,0,0.39797613,16,active
204718a6-6f17-433b-a7f7-8bc0b34f50f0,0,0.4562859,10,active
e913a4e3-e5be-4950-9bcd-ee0740c506e3,0,0.3930981,17,active
4a8d3d14-6271-4f80-b336-f87332310832,1,0.63830626,1,locked
70d537d9-42a2-42de-98a4-c48164bdc113,0,0.45318967,10,active
867a6c05-fe52-4523-ad51-a70a761bd91e,0,0.49145827,8,active
c29d7c20-48d5-4c71-91c4-c1a824a8abc1,0,0.2726795,20,active
4a7a9bb9-2db5-4359-add3-667a065c65d8,0,0.5048195,2,locked
e1e0729d-30fb-48bd-9faa-876093048c97,0,0.4965531,6,alart
f47e3ab9-5f50-450b-bc48-9083b87b1230,0,0.3970307,16,active
70aa91e2-9373-49e4-bde6-c32febb80b0f,0,0.48269358,8,active
cc71f5cd-b646-4f9a-9224-b1fad0bb1a4a,0,0.43735504,12,active
1ab67b5c-f1cd-40ca-9ffc-7ca0c99959b3,0,0.4965531,5,alart
dffa5b2e-c20b-495e-8592-7e680393d60a,0,0.47771117,8,active
c61322eb-2b86-494a-aeb5-3bc7b418f718,0,0.49145827,7,active
18062bc9-8fb5-4f19-bc27-ebd9498e402e,0,0.4512439,10,active
a932afc6-db25-4d75-94c9-9e45555c360b,0,0.44649002,10,active
01f9a1fa-1d02-427a-bf9d-816909e7f677,0,0.45095354,10,active
ffb81fcd-9e3c-409f-a5c2-2d83c3ab1a9e,0,0.4965531,4,alart
b4595a58-8606-42df-a19d-30cbc9b83687,0,0.41988918,14,active
4b89d655-2df2-4c09-aa86-6eb6999e8d5b,1,0.4965531,6,alart
e8e8f6b8-4be7-48cf-b65e-ebd919af90da,0,0.39418262,16,active
ddcbe9e0-4a91-43cf-bd5b-f473828ffe50,1,0.49145827,7,active
7060e386-6743-49c8-adbc-2aa577b6f36f,0,0.45470846,10,active
07834a3b-eb0f-45f4-96cf-2e4005afcc46,0,0.32553568,19,active
72a67bfe-2447-4f84-96ca-e790da0d75a7,0,0.42975536,12,active
fbe6fe39-eadd-4231-947b-8a3441252b8f,0,0.32508916,19,active
1ccc475a-c93f-4c16-8cf6-38c0d149128a,0,0.49145827,6,active
d34ff422-aafa-43f3-98fa-e4e8a5f58c77,0,0.4965531,6,alart
16f43025-3eb2-4a86-9c27-a0f712a3814b,0,0.5373438,1,locked
1734492f-9dc9-4ece-af8f-34f20d1f68c6,0,0.42539832,13,active
825fa46b-69f0-446b-803e-57d47162a25e,0,0.4965531,5,alart
91e9d20d-b9d2-46ba-a8b6-f07dfd40047f,0,0.39722857,16,active
cd95984d-2d7c-4b14-9f34-2efe98229d53,0,0.44145846,11,active
09377f7c-cc5d-4ff5-806f-b5b7b08b7399,0,0.31997266,19,active
99ad1a84-c43f-4281-a78c-c3f37f7af45a,0,0.42975536,12,active
a7f7e9b5-35f8-41b0-b4d5-948bd14c333b,0,0.41988918,14,active
a00ad753-bc65-483d-81f9-80f7d8d39921,0,0.4148087,15,active
11b3706d-fb15-4627-aed7-1da5954280a9,0,0.32473114,19,active
155a821d-c86e-4fb6-9d3e-6aafe03b65f2,0,0.39736602,16,active
d3ff8e16-1fc2-4d97-bda0-2ded8ac9891a,0,0.49145827,8,active
d41f3722-d9af-44f9-b32c-78ceffc9f916,0,0.5454051,1,locked
2a1fbc7f-0d38-41b4-9460-2f9373fffedd,0,0.49145827,8,active
8cbb49f1-03dc-4fd8-ac7a-b8521d6eadeb,0,0.42975536,12,active
52a03886-ecc2-4413-a892-cebf7062c89a,0,0.41453585,15,active
0e33b99f-5cac-4558-b9c4-4ad6c4f3ee8c,0,0.42975536,12,active
39ba6b98-3eda-4bfe-ba52-3ffdab387a34,0,0.41988918,14,active
2fa74422-972a-4e28-adf4-104ae9d68e27,0,0.4965531,5,alart
b6808974-61b0-4b40-bda2-2c14b7e603a5,0,0.31997266,19,active
9cd0df29-0465-4d68-8a87-f17d6f3472b0,0,0.39057285,17,active
4af6b0dc-8bd7-49d1-afdb-72185195bc9b,0,0.44649002,10,active
5f88e30b-f753-49a2-87fe-bda0b3c2886f,0,0.36425883,18,active
